INSERT INTO DOM_CONSOLE (COD_CONSOLE, DESC_CONSOLE)
VALUES ('CO01','XBOX ONE X');
INSERT INTO DOM_CONSOLE (COD_CONSOLE, DESC_CONSOLE)
VALUES ('CO02','XBOX ONE S');
INSERT INTO DOM_CONSOLE (COD_CONSOLE, DESC_CONSOLE)
VALUES ('CO03','XBOX ONE');
INSERT INTO DOM_CONSOLE (COD_CONSOLE, DESC_CONSOLE)
VALUES ('CO04','PS4');
INSERT INTO DOM_CONSOLE (COD_CONSOLE, DESC_CONSOLE)
VALUES ('CO05','PS4 PRO');
INSERT INTO DOM_CONSOLE (COD_CONSOLE, DESC_CONSOLE)
VALUES ('CO06','PC');
INSERT INTO DOM_CONSOLE (COD_CONSOLE, DESC_CONSOLE)
VALUES ('CO07','NINTENDO WII U');
INSERT INTO DOM_CONSOLE (COD_CONSOLE, DESC_CONSOLE)
VALUES ('CO08','NINTENDO SWITCH');
INSERT INTO DOM_CONSOLE (COD_CONSOLE, DESC_CONSOLE)
VALUES ('CO09','NINTENDO 3DS');
INSERT INTO DOM_CONSOLE (COD_CONSOLE, DESC_CONSOLE)
VALUES ('CO10','PSVITA');

INSERT INTO DOM_GENRE (COD_GENRE, DESC_GENRE)
VALUES ('GE01','AZIONE');
INSERT INTO DOM_GENRE (COD_GENRE, DESC_GENRE)
VALUES ('GE02','AVVENTURA');
INSERT INTO DOM_GENRE (COD_GENRE, DESC_GENRE)
VALUES ('GE03','SPORT');
INSERT INTO DOM_GENRE (COD_GENRE, DESC_GENRE)
VALUES ('GE04','SPARATUTTO');
INSERT INTO DOM_GENRE (COD_GENRE, DESC_GENRE)
VALUES ('GE05','FPS');
INSERT INTO DOM_GENRE (COD_GENRE, DESC_GENRE)
VALUES ('GE06','MMO');
INSERT INTO DOM_GENRE (COD_GENRE, DESC_GENRE)
VALUES ('GE07','RPG');
INSERT INTO DOM_GENRE (COD_GENRE, DESC_GENRE)
VALUES ('GE08','PICCHIADURO');
INSERT INTO DOM_GENRE (COD_GENRE, DESC_GENRE)
VALUES ('GE09','ARENA');
INSERT INTO DOM_GENRE (COD_GENRE, DESC_GENRE)
VALUES ('GE10','MOBA');
INSERT INTO DOM_GENRE (COD_GENRE, DESC_GENRE)
VALUES ('GE11','ROMPICAPO');
INSERT INTO DOM_GENRE (COD_GENRE, DESC_GENRE)
VALUES ('GE12','PUZZLE');

INSERT INTO DOM_PAYMENT (COD_PAYMENT, DESC_PAYMENT)
VALUES ('PAY1','PAYPAL');
INSERT INTO DOM_PAYMENT (COD_PAYMENT, DESC_PAYMENT)
VALUES ('PAY2','BONIFICO');
INSERT INTO DOM_PAYMENT (COD_PAYMENT, DESC_PAYMENT)
VALUES ('PAY3','CARTA DI CREDITO');
INSERT INTO DOM_PAYMENT (COD_PAYMENT, DESC_PAYMENT)
VALUES ('PAY4','CONTRASSEGNO');

INSERT INTO DOM_ROLE (COD_ROLE, DESC_ROLE)
VALUES ('RL1','USER');
INSERT INTO DOM_ROLE (COD_ROLE, DESC_ROLE)
VALUES ('RL2','MAGAZZINIERE');
INSERT INTO DOM_ROLE (COD_ROLE, DESC_ROLE)
VALUES ('RL3','AMMINISTRATORE');
INSERT INTO DOM_ROLE (COD_ROLE, DESC_ROLE)
VALUES ('RL4','SUPERUSER');

INSERT INTO GAMES (COD_GAME, TITLE, PRICE, COD_CONSOLE, PRICE_ON_SALE, FLAG_SALE, FLAG_NEWS, DESCRIPTION)
VALUES ('G001', 'OVERWATCH', 39.99, 'CO06', 39.99, 'N', 'Y', 'descrizone prova');
INSERT INTO GAMES (COD_GAME, TITLE, PRICE, COD_CONSOLE, PRICE_ON_SALE, FLAG_SALE, FLAG_NEWS, DESCRIPTION)
VALUES ('G002', 'PLAYERSUNKNOWNS BATTLEGROUND', 29.99, 'CO06', 19.99, 'Y', 'N', 'descrizone prova');
INSERT INTO GAMES (COD_GAME, TITLE, PRICE, COD_CONSOLE, PRICE_ON_SALE, FLAG_SALE, FLAG_NEWS, DESCRIPTION)
VALUES ('G003', 'HALO 3', 59.99, 'CO01', 19.99, 'Y', 'N', 'descrizone prova');
INSERT INTO GAMES (COD_GAME, TITLE, PRICE, COD_CONSOLE, PRICE_ON_SALE, FLAG_SALE, FLAG_NEWS, DESCRIPTION)
VALUES ('G004', 'GEARS OF WAR', 49.99, 'CO01', 49.99, 'N', 'N', 'descrizone prova');
INSERT INTO GAMES (COD_GAME, TITLE, PRICE, COD_CONSOLE, PRICE_ON_SALE, FLAG_SALE, FLAG_NEWS, DESCRIPTION)
VALUES ('G005', 'FORZA HORIZON', 39.99, 'CO02', 19.99, 'Y', 'N', 'descrizone prova');
INSERT INTO GAMES (COD_GAME, TITLE, PRICE, COD_CONSOLE, PRICE_ON_SALE, FLAG_SALE, FLAG_NEWS, DESCRIPTION)
VALUES ('G006', 'WATCH DOGS', 19.99, 'CO02', 19.99, 'N', 'N', 'descrizone prova');
INSERT INTO GAMES (COD_GAME, TITLE, PRICE, COD_CONSOLE, PRICE_ON_SALE, FLAG_SALE, FLAG_NEWS, DESCRIPTION)
VALUES ('G007', 'FABLE ', 19.99, 'CO03', 19.99, 'N', 'N', 'descrizone prova');
INSERT INTO GAMES (COD_GAME, TITLE, PRICE, COD_CONSOLE, PRICE_ON_SALE, FLAG_SALE, FLAG_NEWS, DESCRIPTION)
VALUES ('G008', 'HALO 2', 9.99, 'CO03', 9.99, 'N', 'N', 'descrizone prova');
INSERT INTO GAMES (COD_GAME, TITLE, PRICE, COD_CONSOLE, PRICE_ON_SALE, FLAG_SALE, FLAG_NEWS, DESCRIPTION)
VALUES ('G009', 'FIFA 2018', 59.99, 'CO04', 59.99, 'N', 'N', 'descrizone prova');
INSERT INTO GAMES (COD_GAME, TITLE, PRICE, COD_CONSOLE, PRICE_ON_SALE, FLAG_SALE, FLAG_NEWS, DESCRIPTION)
VALUES ('G010', 'THE DIVISION', 49.99, 'CO04', 49.99, 'N', 'N', 'descrizone prova');
INSERT INTO GAMES (COD_GAME, TITLE, PRICE, COD_CONSOLE, PRICE_ON_SALE, FLAG_SALE, FLAG_NEWS, DESCRIPTION)
VALUES ('G011', 'FAR CRY 5', 59.99, 'CO05', 59.99, 'N', 'Y', 'descrizone prova');
INSERT INTO GAMES (COD_GAME, TITLE, PRICE, COD_CONSOLE, PRICE_ON_SALE, FLAG_SALE, FLAG_NEWS, DESCRIPTION)
VALUES ('G012', 'WII SPORTS', 19.99, 'CO07', 19.99, 'N', 'N', 'descrizone prova');
INSERT INTO GAMES (COD_GAME, TITLE, PRICE, COD_CONSOLE, PRICE_ON_SALE, FLAG_SALE, FLAG_NEWS, DESCRIPTION)
VALUES ('G013', 'WII SPORTS RESORT', 9.99, 'CO07', 9.99, 'N', 'N', 'descrizone prova');
INSERT INTO GAMES (COD_GAME, TITLE, PRICE, COD_CONSOLE, PRICE_ON_SALE, FLAG_SALE, FLAG_NEWS, DESCRIPTION)
VALUES ('G014', 'ZELDA', 49.99, 'CO08', 49.99, 'N', 'Y', 'descrizone prova');
INSERT INTO GAMES (COD_GAME, TITLE, PRICE, COD_CONSOLE, PRICE_ON_SALE, FLAG_SALE, FLAG_NEWS, DESCRIPTION)
VALUES ('G015', 'SPLATOON 2', 59.99, 'CO08', 59.99, 'N', 'N', 'descrizone prova');
INSERT INTO GAMES (COD_GAME, TITLE, PRICE, COD_CONSOLE, PRICE_ON_SALE, FLAG_SALE, FLAG_NEWS, DESCRIPTION)
VALUES ('G016', 'POKEMON', 19.99, 'CO09', 9.99, 'Y', 'N', 'descrizone prova');
INSERT INTO GAMES (COD_GAME, TITLE, PRICE, COD_CONSOLE, PRICE_ON_SALE, FLAG_SALE, FLAG_NEWS, DESCRIPTION)
VALUES ('G017', 'MARIO KART', 9.99, 'CO09', 9.99, 'N', 'N', 'descrizone prova');
INSERT INTO GAMES (COD_GAME, TITLE, PRICE, COD_CONSOLE, PRICE_ON_SALE, FLAG_SALE, FLAG_NEWS, DESCRIPTION)
VALUES ('G018', 'NEED FOR SPEED', 9.99, 'CO10', 9.99, 'N', 'N', 'descrizone prova');
INSERT INTO GAMES (COD_GAME, TITLE, PRICE, COD_CONSOLE, PRICE_ON_SALE, FLAG_SALE, FLAG_NEWS, DESCRIPTION)
VALUES ('G019', 'FIFA 2015', 5.99, 'CO10', 5.99, 'N', 'N', 'descrizone prova');
INSERT INTO GAMES (COD_GAME, TITLE, PRICE, COD_CONSOLE, PRICE_ON_SALE, FLAG_SALE, FLAG_NEWS, DESCRIPTION)
VALUES ('G020', 'UNCHARTED 4', 49.99, 'CO05', 29.99, 'Y', 'N', 'descrizone prova');

INSERT INTO USERS (NAME, SURNAME, ADDRESS, PHONE, USERNAME, PASSWORD, COD_ROLE, EMAIL)
VALUES ('Pino', 'Abete', 'via Paradiso 666', 9801234567, 'superuser', 'superuser', 'RL4','pino@abete.com');
INSERT INTO USERS (NAME, SURNAME, ADDRESS, PHONE, USERNAME, PASSWORD, COD_ROLE, EMAIL)
VALUES ('Utente', 'Normale', 'via Fossa 40', 1234567890, 'utente', 'utente', 'RL1', 'ortotti.fabrizio@libero.it');
INSERT INTO USERS (NAME, SURNAME, ADDRESS, PHONE, USERNAME, PASSWORD, COD_ROLE, EMAIL)
VALUES ('Luca', 'Magazziniere', 'via Pozzo 1', 1234569870, 'magazzino', 'magazzino', 'RL2', 'luca@magazz.com');
INSERT INTO USERS (NAME, SURNAME, ADDRESS, PHONE, USERNAME, PASSWORD, COD_ROLE, EMAIL)
VALUES ('Tobia', 'Amministratore', 'via Cielo 234', 9871236540, 'admin', 'admin', 'RL3', 'tobia@admin.eu');

INSERT INTO WAREHOUSE (COD_WAREHOUSE, ADDRESS, PHONE)
VALUES ('WH1', 'via Macello 1', '1236547890');
INSERT INTO WAREHOUSE (COD_WAREHOUSE, ADDRESS, PHONE)
VALUES ('WH2', 'via Budello 2', '9874563210');
INSERT INTO WAREHOUSE (COD_WAREHOUSE, ADDRESS, PHONE)
VALUES ('WH3', 'via Fretello 3', '0147852369');